{"mse": 0.77019408640106, "r2": 0.23048032648722172}